{
  "num_chains": 2,
  "divergences": 0,
  "phi_time": {
    "mean": 30.172995634702247,
    "n_eff": 470.4096896489482,
    "r_hat": 0.9997720762626677
  },
  "phi_freq": {
    "mean": 14.358916173909954,
    "n_eff": 446.00135600883544,
    "r_hat": 1.0056281632409458
  },
  "latent_log_psd": {}
}