{
  "num_chains": 2,
  "divergences": 0,
  "phi_time": {
    "mean": 20.016106876687186,
    "n_eff": 440.9886844508845,
    "r_hat": 1.001179248074975
  },
  "phi_freq": {
    "mean": 20.978385487604285,
    "n_eff": 263.30290638907775,
    "r_hat": 1.0127221905818131
  },
  "latent_log_psd": {}
}