{
  "num_chains": 2,
  "divergences": 0,
  "phi_time": {
    "mean": 19.64083130841555,
    "n_eff": 377.5745658150363,
    "r_hat": 1.0039916568423854
  },
  "phi_freq": {
    "mean": 23.1781604438813,
    "n_eff": 274.0273732049764,
    "r_hat": 1.0029393915298217
  },
  "latent_log_psd": {}
}